EPPO_code,Europe,Norway
CORBSE,Yes,No
CORBSE,Yes,No
CORBSE,Yes,No
CORBSE,Yes,No
CORBSE,Yes,No
CORBSE,Yes,No
CORBSE,Yes,No
CORBSE,Yes,No
CORBSE,Yes,No
CORBSE,Yes,No
CORBSE,Yes,No
CORBSE,Yes,No
CORBSE,Yes,Yes
CORBSE,Yes,No
CORBSE,Yes,No
CORBSE,Yes,No
CORBSE,Yes,No
CORBSE,Yes,No
CORBSE,Yes,No
CORBSE,Yes,No
CORBSE,Yes,No
CORBSE,Yes,No
CORBSE,Yes,No
CORBSE,Yes,No
CORBSE,Yes,No
XANTVE,Yes,No
XANTVE,Yes,No
XANTVE,Yes,No
XANTVE,Yes,No
XANTVE,Yes,No
XANTVE,Yes,No
XANTVE,Yes,No
XANTVE,Yes,No
XANTVE,Yes,No
XANTVE,Yes,No
XANTVE,Yes,No
XANTVE,Yes,No
XANTVE,Yes,No
XANTVE,Yes,No
XANTVE,Yes,No
XANTVE,Yes,No
XANTVE,Yes,No
XANTVE,Yes,No
XANTVE,Yes,No
XANTVE,Yes,No
XANTVE,Yes,No
XANTVE,Yes,No
CORBFL,Yes,No
CORBFL,Yes,No
CORBFL,Yes,No
CORBFL,Yes,No
CORBFL,Yes,No
CORBFL,Yes,No
ERWIAM,Yes,No
ERWIAM,Yes,No
ERWIAM,Yes,No
ERWIAM,Yes,No
ERWIAM,Yes,No
ERWIAM,Yes,No
ERWIAM,Yes,No
ERWIAM,Yes,No
ERWIAM,Yes,No
ERWIAM,Yes,No
ERWIAM,Yes,No
ERWIAM,Yes,No
ERWIAM,Yes,No
ERWIAM,Yes,No
ERWIAM,Yes,No
ERWIAM,Yes,No
ERWIAM,Yes,No
ERWIAM,Yes,No
ERWIAM,Yes,No
ERWIAM,Yes,No
ERWIAM,Yes,No
ERWIAM,Yes,No
ERWIAM,Yes,No
ERWIAM,Yes,No
ERWIAM,Yes,No
ERWIAM,Yes,No
ERWIAM,Yes,No
ERWIAM,Yes,No
ERWIAM,Yes,Yes
ERWIAM,Yes,No
ERWIAM,Yes,No
ERWIAM,Yes,No
ERWIAM,Yes,No
ERWIAM,Yes,No
ERWIAM,Yes,No
ERWIAM,Yes,No
ERWIAM,Yes,No
ERWIAM,Yes,No
ERWIAM,Yes,No
ERWIAM,Yes,No
ERWIAM,Yes,No
ERWIAM,Yes,No
ERWIAM,Yes,No
ERWIAM,Yes,No
ERWIAM,Yes,No
ERWIAM,Yes,No
ERWIAM,Yes,No
ERWICD,Yes,No
ERWICD,Yes,No
ERWICD,Yes,No
ERWICD,Yes,No
ERWICD,Yes,No
ERWICD,Yes,No
ERWICD,Yes,No
ERWICD,Yes,No
ERWICD,Yes,No
ERWICD,Yes,No
ERWICD,Yes,No
ERWICD,Yes,No
ERWICD,Yes,No
ERWICD,Yes,No
ERWICD,Yes,No
ERWICD,Yes,No
ERWICD,Yes,No
ERWICD,Yes,No
XANTPN,Yes,No
XANTPN,Yes,No
XANTPN,Yes,Yes
XANTPN,Yes,No
ERWIAN,Yes,No
ERWIAN,Yes,No
ERWIAN,Yes,No
ERWIAN,Yes,No
ERWIAN,Yes,No
ERWIAN,Yes,No
ERWIAN,Yes,No
ERWIAN,Yes,No
XYLEFA,Yes,No
XYLEFA,Yes,No
XYLEFA,Yes,No
XYLEFA,Yes,No
XANTAM,Yes,No
XANTAM,Yes,No
XANTAM,Yes,No
XANTAM,Yes,No
XANTAM,Yes,No
XANTAM,Yes,No
XANTAM,Yes,No
XANTAM,Yes,No
XANTAM,Yes,No
XANTAM,Yes,No
XANTPF,Yes,No
XANTPF,Yes,No
XANTPF,Yes,No
XANTPR,Yes,No
XANTPR,Yes,No
XANTPR,Yes,No
XANTPR,Yes,No
XANTPR,Yes,No
XANTPR,Yes,No
XANTPR,Yes,No
XANTPR,Yes,No
XANTPR,Yes,No
XANTPR,Yes,No
XANTPR,Yes,No
XANTPR,Yes,Yes
XANTPR,Yes,No
XANTPR,Yes,No
XANTPR,Yes,No
XANTPR,Yes,No
XANTPR,Yes,No
XANTPR,Yes,No
XANTPR,Yes,No
XANTPR,Yes,No
XANTPR,Yes,No
XANTPR,Yes,No
CORBMI,Yes,No
CORBMI,Yes,No
CORBMI,Yes,No
CORBMI,Yes,No
CORBMI,Yes,No
CORBMI,Yes,No
CORBMI,Yes,No
CORBMI,Yes,No
CORBMI,Yes,No
CORBMI,Yes,No
CORBMI,Yes,No
CORBMI,Yes,No
CORBMI,Yes,No
CORBMI,Yes,No
CORBMI,Yes,No
CORBMI,Yes,No
CORBMI,Yes,No
CORBMI,Yes,No
CORBMI,Yes,No
CORBMI,Yes,No
CORBMI,Yes,No
CORBMI,Yes,No
CORBMI,Yes,No
CORBMI,Yes,No
CORBMI,Yes,No
CORBMI,Yes,No
CORBMI,Yes,No
CORBMI,Yes,No
PSDMAV,Yes,No
PSDMAK,Yes,No
PSDMAK,Yes,No
PSDMAK,Yes,No
PSDMAK,Yes,No
PSDMAK,Yes,No
PSDMAK,Yes,No
PSDMAK,Yes,No
PSDMAK,Yes,No
PSDMAK,Yes,No
XANTDF,Yes,No
XANTDF,Yes,No
XANTDF,Yes,No
XANTDF,Yes,No
XANTDF,Yes,No
XANTDF,Yes,No
PSDMAC,Yes,No
ALTEKI,Yes,No
ALTEKI,Yes,No
ALTEMA,Yes,No
ALTEMA,Yes,No
CERAFP,Yes,No
CERAFP,Yes,No
CERAFP,Yes,No
CERAFP,Yes,No
CERAFP,Yes,No
CERAFP,Yes,No
CERAFP,Yes,No
CERAFP,Yes,No
CHAAFR,Yes,No
CHAAFR,Yes,No
CHAAFR,Yes,No
CHAAFR,Yes,No
CHAAFR,Yes,No
CHAAFR,Yes,No
CHAAFR,Yes,No
CHAAFR,Yes,No
CHAAFR,Yes,No
CHAAFR,Yes,No
CHAAFR,Yes,No
CHAAFR,Yes,No
CHAAFR,Yes,No
CHAAFR,Yes,No
CHAAFR,Yes,No
CHAAFR,Yes,No
CHAAFR,Yes,No
CHAAFR,Yes,No
CHAAFR,Yes,No
CHAAFR,Yes,Yes
CHAAFR,Yes,No
CHAAFR,Yes,No
CHAAFR,Yes,No
CHAAFR,Yes,No
CHAAFR,Yes,No
CHAAFR,Yes,No
CHAAFR,Yes,No
CHAAFR,Yes,No
CHAAFR,Yes,No
CHAAFR,Yes,No
CHAAFR,Yes,No
CHAAFR,Yes,No
CHAAFR,Yes,No
CHAAFR,Yes,No
CHAAFR,Yes,No
CHAAFR,Yes,No
CHAAFR,Yes,No
CHAAFR,Yes,No
SCLECA,Yes,No
SCLECA,Yes,No
SCLECA,Yes,No
SCLECA,Yes,No
SCLECA,Yes,No
SCLECA,Yes,No
SCLECA,Yes,No
SCLECA,Yes,No
SCLECA,Yes,No
SCLECA,Yes,No
SCLECA,Yes,No
COLLAC,Yes,No
COLLAC,Yes,No
COLLAC,Yes,No
COLLAC,Yes,No
COLLAC,Yes,No
COLLAC,Yes,No
COLLAC,Yes,No
COLLAC,Yes,No
COLLAC,Yes,No
COLLAC,Yes,No
COLLAC,Yes,No
COLLAC,Yes,No
COLLAC,Yes,No
COLLAC,Yes,No
COLLAC,Yes,No
COLLAC,Yes,No
COLLAC,Yes,Yes
COLLAC,Yes,No
COLLAC,Yes,No
COLLAC,Yes,No
COLLAC,Yes,No
COLLAC,Yes,No
COLLAC,Yes,No
COLLAC,Yes,No
COLLAC,Yes,No
COLLAC,Yes,No
COLLAC,Yes,No
COLLAC,Yes,No
COLLAC,Yes,No
COLLAC,Yes,No
ENDOPA,Yes,No
ENDOPA,Yes,No
ENDOPA,Yes,No
ENDOPA,Yes,No
ENDOPA,Yes,No
ENDOPA,Yes,No
ENDOPA,Yes,No
ENDOPA,Yes,No
ENDOPA,Yes,No
ENDOPA,Yes,No
ENDOPA,Yes,No
ENDOPA,Yes,No
ENDOPA,Yes,No
ENDOPA,Yes,No
ENDOPA,Yes,No
ENDOPA,Yes,No
ENDOPA,Yes,No
ENDOPA,Yes,No
ENDOPA,Yes,No
ENDOPA,Yes,No
ENDOPA,Yes,No
ENDOPA,Yes,No
ENDOPA,Yes,No
ENDOPA,Yes,No
ENDOPA,Yes,No
ENDOPA,Yes,No
ENDOPA,Yes,No
ENDOPA,Yes,No
ENDOPA,Yes,No
ENDOPA,Yes,No
ENDOPA,Yes,No
ENDOPA,Yes,No
ENDOPA,Yes,No
ENDOPA,Yes,No
ENDOPA,Yes,No
ENDOPA,Yes,No
ENDOPA,Yes,No
DIAPVA,Yes,No
MYCOLG,Yes,No
MYCOLG,Yes,No
MYCOLG,Yes,No
MYCOLG,Yes,No
MYCOLG,Yes,No
MYCOLG,Yes,No
MYCOLG,Yes,No
MYCOLG,Yes,No
MYCOLG,Yes,Yes
MYCOLG,Yes,No
MYCOLG,Yes,No
MYCOLG,Yes,No
MYCOLG,Yes,No
MYCOLG,Yes,No
MYCOLG,Yes,No
MYCOLG,Yes,No
MYCOLG,Yes,No
MYCOLG,Yes,No
FUSAFO,Yes,No
FUSAFO,Yes,No
FUSAFO,Yes,No
FUSAFO,Yes,Yes
GIBBCI,Yes,No
GIBBCI,Yes,No
GLOMGO,Yes,No
GLOMGO,Yes,No
GLOMGO,Yes,No
GLOMGO,Yes,No
GLOMGO,Yes,No
GREMAB,Yes,No
GREMAB,Yes,No
GREMAB,Yes,No
GREMAB,Yes,No
GREMAB,Yes,No
GREMAB,Yes,No
GREMAB,Yes,No
GREMAB,Yes,No
GREMAB,Yes,No
GREMAB,Yes,No
GREMAB,Yes,No
GREMAB,Yes,No
GREMAB,Yes,No
GREMAB,Yes,No
GREMAB,Yes,No
GREMAB,Yes,No
GREMAB,Yes,No
GREMAB,Yes,Yes
GREMAB,Yes,No
GREMAB,Yes,No
GREMAB,Yes,No
GREMAB,Yes,No
GREMAB,Yes,No
GREMAB,Yes,No
GREMAB,Yes,No
GREMAB,Yes,No
GREMAB,Yes,No
GREMAB,Yes,No
GREMAB,Yes,No
GREMAB,Yes,No
GREMAB,Yes,No
GREMAB,Yes,No
GREMAB,Yes,No
GREMAB,Yes,No
GREMAB,Yes,No
HYPOMA,Yes,No
HYPOMA,Yes,No
HYPOMA,Yes,No
HYPOMA,Yes,No
HYPOMA,Yes,No
HYPOMA,Yes,No
HYPOMA,Yes,No
HYPOMA,Yes,No
HYPOMA,Yes,No
HYPOMA,Yes,No
HYPOMA,Yes,No
HYPOMA,Yes,No
HYPOMA,Yes,No
HYPOMA,Yes,No
HYPOMA,Yes,No
HYPOMA,Yes,No
HYPOMA,Yes,No
HYPOMA,Yes,No
MONIFC,Yes,No
MONIFC,Yes,No
MONIFC,Yes,No
MONIFC,Yes,No
MONIFC,Yes,No
MONIFC,Yes,No
MONIFC,Yes,No
MONIFC,Yes,No
MONIFC,Yes,No
MONIFC,Yes,No
MONIFC,Yes,No
MONIFC,Yes,No
MONIFC,Yes,No
MONIFC,Yes,No
MONIFC,Yes,No
MONIFC,Yes,No
MONIFC,Yes,No
MONIFC,Yes,No
PHIACI,Yes,No
PHIACI,Yes,No
PHIACI,Yes,No
PHIACI,Yes,No
PHIACI,Yes,No
PHIACI,Yes,No
PHIACI,Yes,No
PHIACI,Yes,No
PHIACI,Yes,No
PHIACI,Yes,No
PHIACI,Yes,No
PHIACI,Yes,No
PHIACI,Yes,No
PHIACI,Yes,No
PHIACI,Yes,No
PHIACI,Yes,No
PHIACI,Yes,No
PHIACI,Yes,No
PHYTCN,Yes,No
PHYTCN,Yes,No
PHYTCN,Yes,No
PHYTCN,Yes,No
PHYTCN,Yes,No
PHYTCN,Yes,No
PHYTCN,Yes,No
PHYTCN,Yes,No
PHYTCN,Yes,No
PHYTCN,Yes,No
PHYTCN,Yes,No
PHYTCN,Yes,Yes
PHYTCN,Yes,No
PHYTCN,Yes,No
PHYTCN,Yes,No
PHYTCN,Yes,No
PHYTCN,Yes,No
PHYTCN,Yes,No
PHYTCN,Yes,No
PHYTCN,Yes,No
PHYTCN,Yes,No
PHYTCN,Yes,No
PHYTCN,Yes,No
PHYTFR,Yes,No
PHYTFR,Yes,No
PHYTFR,Yes,No
PHYTFR,Yes,No
PHYTFR,Yes,No
PHYTFR,Yes,No
PHYTFR,Yes,No
PHYTFR,Yes,No
PHYTFR,Yes,No
PHYTFR,Yes,No
PHYTFR,Yes,No
PHYTFR,Yes,No
PHYTFR,Yes,Yes
PHYTFR,Yes,No
PHYTFR,Yes,No
PHYTFR,Yes,No
PHYTFR,Yes,No
PHYTFR,Yes,No
PHYTFR,Yes,No
PHYTFR,Yes,No
PHYTFR,Yes,No
PHYTFR,Yes,No
PHYTFU,Yes,No
PHYTFU,Yes,No
PHYTFU,Yes,No
PHYTFU,Yes,No
PHYTFU,Yes,No
PHYTFU,Yes,No
PHYTFU,Yes,No
PHYTFU,Yes,No
PHYTFU,Yes,Yes
PHYTFU,Yes,No
PHYTFU,Yes,No
PHYTFU,Yes,No
PHYTFU,Yes,No
PHYTFU,Yes,No
PHYTFU,Yes,No
PHYTFU,Yes,No
PHYTFU,Yes,No
PHYTKE,Yes,No
PHYTKE,Yes,No
PHYTKE,Yes,No
PHYTKE,Yes,No
PHYTKE,Yes,No
PHYTLA,Yes,No
PHYTLA,Yes,No
PHYTLA,Yes,No
PHYTLA,Yes,No
PHYTLA,Yes,No
PHYTLA,Yes,No
PHYTLA,Yes,No
PHYTRA,Yes,No
PHYTRA,Yes,No
PHYTRA,Yes,No
PHYTRA,Yes,No
PHYTRA,Yes,No
PHYTRA,Yes,No
PHYTRA,Yes,No
PHYTRA,Yes,No
PHYTRA,Yes,No
PHYTRA,Yes,Yes
PHYTRA,Yes,No
PHYTRA,Yes,No
PHYTRA,Yes,No
PHYTRA,Yes,No
PHYTRA,Yes,No
PHYTRA,Yes,No
PHYTRA,Yes,No
PLASHA,Yes,No
PLASHA,Yes,No
PLASHA,Yes,No
PLASHA,Yes,No
PLASHA,Yes,No
PLASHA,Yes,No
PLASHA,Yes,No
PLASHA,Yes,No
PLASHA,Yes,No
PLASHA,Yes,No
PLASHA,Yes,No
PLASHA,Yes,No
PLASHA,Yes,No
PLASHA,Yes,No
PLASHA,Yes,No
PLASHA,Yes,No
PLASHA,Yes,No
PLASHA,Yes,No
PLASHA,Yes,No
PLASHA,Yes,No
PLASHA,Yes,No
PLASHA,Yes,No
PLASHA,Yes,No
PLASHA,Yes,No
PLASHA,Yes,No
PLASHA,Yes,No
PLASHA,Yes,No
PLASHA,Yes,No
SYNCEN,Yes,No
SYNCEN,Yes,No
SYNCEN,Yes,No
SYNCEN,Yes,No
SYNCEN,Yes,No
SYNCEN,Yes,No
SYNCEN,Yes,No
SYNCEN,Yes,No
SYNCEN,Yes,No
SYNCEN,Yes,No
SYNCEN,Yes,No
SYNCEN,Yes,No
SYNCEN,Yes,No
SYNCEN,Yes,No
SYNCEN,Yes,No
SYNCEN,Yes,No
SYNCEN,Yes,No
SYNCEN,Yes,No
SYNCEN,Yes,No
SYNCEN,Yes,No
SYNCEN,Yes,No
SYNCEN,Yes,No
SYNCEN,Yes,No
SYNCEN,Yes,No
SYNCEN,Yes,No
SYNCEN,Yes,No
SYNCEN,Yes,No
SYNCEN,Yes,No
SYNCEN,Yes,No
VERTAA,Yes,No
VERTAA,Yes,No
VERTAA,Yes,No
VERTAA,Yes,No
VERTAA,Yes,No
VERTAA,Yes,No
VERTAA,Yes,No
VERTAA,Yes,No
VERTAA,Yes,No
VERTAA,Yes,No
VERTAA,Yes,No
VERTAA,Yes,No
VERTAA,Yes,No
VERTAA,Yes,No
VERTAA,Yes,No
VERTAA,Yes,No
VERTAA,Yes,No
VERTAA,Yes,No
VERTAA,Yes,No
VERTAA,Yes,No
VERTAA,Yes,No
VERTAA,Yes,No
VERTAA,Yes,No
VERTAA,Yes,Yes
VERTAA,Yes,No
VERTAA,Yes,No
VERTAA,Yes,No
VERTAA,Yes,No
VERTAA,Yes,No
VERTAA,Yes,No
VERTAA,Yes,No
VERTAA,Yes,No
VERTAA,Yes,No
VERTAA,Yes,No
VERTAA,Yes,No
VERTAA,Yes,No
VERTAA,Yes,No
VERTAA,Yes,No
VERTAA,Yes,No
VERTAA,Yes,No
VERTDA,Yes,No
VERTDA,Yes,No
VERTDA,Yes,No
VERTDA,Yes,No
VERTDA,Yes,No
VERTDA,Yes,No
VERTDA,Yes,No
VERTDA,Yes,No
VERTDA,Yes,No
VERTDA,Yes,No
VERTDA,Yes,No
VERTDA,Yes,No
VERTDA,Yes,No
VERTDA,Yes,No
VERTDA,Yes,No
VERTDA,Yes,No
VERTDA,Yes,No
VERTDA,Yes,No
VERTDA,Yes,No
VERTDA,Yes,No
VERTDA,Yes,No
VERTDA,Yes,No
VERTDA,Yes,No
VERTDA,Yes,No
VERTDA,Yes,No
VERTDA,Yes,No
VERTDA,Yes,No
VERTDA,Yes,No
VERTDA,Yes,No
VERTDA,Yes,No
VERTDA,Yes,No
VERTDA,Yes,No
VERTDA,Yes,No
VERTDA,Yes,No
VERTDA,Yes,No
AGRLPL,Yes,No
AGRLPL,Yes,No
AGRLPL,Yes,No
AGRLPL,Yes,No
AGRLPL,Yes,No
CERTCA,Yes,No
CERTCA,Yes,No
CERTCA,Yes,No
CERTCA,Yes,No
CERTCA,Yes,No
CERTCA,Yes,No
CERTCA,Yes,No
CERTCA,Yes,No
CERTCA,Yes,No
CERTCA,Yes,No
CERTCA,Yes,No
CERTCA,Yes,No
CERTCA,Yes,No
CERTCA,Yes,No
CERTCA,Yes,No
CERTCA,Yes,No
CERTCA,Yes,No
CERTCA,Yes,No
CERTCA,Yes,No
CERTCA,Yes,No
CERTCA,Yes,No
CERTCA,Yes,No
CERTCA,Yes,No
CERTCA,Yes,No
CERTCA,Yes,No
CERTCA,Yes,No
CERTCA,Yes,No
CHILSU,Yes,No
CHILSU,Yes,No
CHILSU,Yes,No
CHILSU,Yes,No
CHILSU,Yes,No
CHILSU,Yes,No
FRANOC,Yes,No
FRANOC,Yes,No
FRANOC,Yes,No
FRANOC,Yes,No
FRANOC,Yes,No
FRANOC,Yes,No
FRANOC,Yes,No
FRANOC,Yes,No
FRANOC,Yes,No
FRANOC,Yes,No
FRANOC,Yes,No
FRANOC,Yes,No
FRANOC,Yes,No
FRANOC,Yes,No
FRANOC,Yes,No
FRANOC,Yes,No
FRANOC,Yes,No
FRANOC,Yes,No
FRANOC,Yes,No
FRANOC,Yes,No
FRANOC,Yes,No
FRANOC,Yes,No
FRANOC,Yes,No
FRANOC,Yes,No
FRANOC,Yes,No
FRANOC,Yes,No
FRANOC,Yes,No
FRANOC,Yes,No
FRANOC,Yes,No
FRANOC,Yes,No
FRANOC,Yes,No
FRANOC,Yes,Yes
FRANOC,Yes,No
FRANOC,Yes,No
FRANOC,Yes,No
FRANOC,Yes,No
FRANOC,Yes,No
FRANOC,Yes,No
FRANOC,Yes,No
FRANOC,Yes,No
FRANOC,Yes,No
FRANOC,Yes,No
FRANOC,Yes,No
FRANOC,Yes,No
FRANOC,Yes,No
FRANOC,Yes,No
FRANOC,Yes,No
FRANOC,Yes,No
FRANOC,Yes,No
FRANOC,Yes,No
FRANOC,Yes,No
FRANOC,Yes,No
FRANOC,Yes,No
FRANOC,Yes,No
FRANOC,Yes,No
FRANOC,Yes,No
FRANOC,Yes,No
HELIAR,Yes,No
HELIAR,Yes,No
HELIAR,Yes,No
HELIAR,Yes,No
HELIAR,Yes,No
HELIAR,Yes,No
HELIAR,Yes,No
HELIAR,Yes,No
HELIAR,Yes,No
HELIAR,Yes,No
HELIAR,Yes,No
HELIAR,Yes,No
HELIAR,Yes,No
HELIAR,Yes,No
HELIAR,Yes,No
HELIAR,Yes,No
HELIAR,Yes,No
HELIAR,Yes,No
HELIAR,Yes,No
HELIAR,Yes,No
HELIAR,Yes,No
HELIAR,Yes,No
HELIAR,Yes,No
HELIAR,Yes,No
HELIAR,Yes,No
HELIAR,Yes,No
HELIAR,Yes,No
HELIAR,Yes,No
HELIAR,Yes,No
HELIAR,Yes,No
HELIAR,Yes,No
HELIAR,Yes,No
HELIAR,Yes,No
HELIAR,Yes,No
HELIAR,Yes,No
HELIAR,Yes,No
HELIAR,Yes,No
HELIAR,Yes,No
LIRIHU,Yes,No
LIRIHU,Yes,No
LIRIHU,Yes,No
LIRIHU,Yes,No
LIRIHU,Yes,No
LIRIHU,Yes,No
LIRIHU,Yes,No
LIRIHU,Yes,No
LIRIHU,Yes,No
LIRIHU,Yes,No
LIRIHU,Yes,No
LIRIHU,Yes,No
LIRIHU,Yes,No
LIRIHU,Yes,No
LIRIHU,Yes,No
LIRIHU,Yes,No
LIRIHU,Yes,No
LIRIHU,Yes,No
LIRIHU,Yes,No
LIRIHU,Yes,No
LIRIHU,Yes,No
LIRIHU,Yes,No
LIRIHU,Yes,No
LIRIHU,Yes,No
LIRIHU,Yes,No
LIRITR,Yes,No
LIRITR,Yes,No
LIRITR,Yes,No
LIRITR,Yes,No
LIRITR,Yes,No
LIRITR,Yes,No
LIRITR,Yes,No
LIRITR,Yes,No
LIRITR,Yes,No
LIRITR,Yes,No
LIRITR,Yes,No
LIRITR,Yes,No
LIRITR,Yes,No
LIRITR,Yes,No
LIRITR,Yes,No
LIRITR,Yes,No
LIRITR,Yes,No
LIRITR,Yes,No
LIRITR,Yes,No
LIRITR,Yes,No
LIRITR,Yes,No
LIRITR,Yes,No
LIRITR,Yes,No
LIRITR,Yes,No
LIRITR,Yes,No
LISSOR,Yes,No
LISSOR,Yes,No
LISSOR,Yes,No
LISSOR,Yes,No
PHENHI,Yes,No
PHENHI,Yes,No
PHENHI,Yes,No
RHAGCO,Yes,No
RHAGCO,Yes,No
RHAGCO,Yes,No
RHAGCO,Yes,No
RHAGCO,Yes,No
RHAGCO,Yes,No
RHAGCO,Yes,No
RHAGCO,Yes,No
RHAGCO,Yes,No
RHAGCO,Yes,No
RHAGCO,Yes,No
RHAGCO,Yes,No
RHAGCO,Yes,No
RHAGCO,Yes,No
RHAGCO,Yes,No
RHAGCO,Yes,No
RHYCFE,Yes,No
RHYCFE,Yes,No
RHYCFE,Yes,No
RHYCFE,Yes,No
RHYCFE,Yes,No
RHYCFE,Yes,No
RHYCFE,Yes,No
RHYCFE,Yes,No
RHYCFE,Yes,No
RHYCFE,Yes,No
RHYCFE,Yes,No
RHYCFE,Yes,No
RHYCFE,Yes,No
RHYCFE,Yes,No
RHYCFE,Yes,No
RHYCFE,Yes,No
RHYCFE,Yes,No
RHYCFE,Yes,No
RHYCFE,Yes,No
RHYCFE,Yes,No
RHYCFE,Yes,No
SCITDO,Yes,No
SCITDO,Yes,No
LAPHFR,Yes,No
LAPHFR,Yes,No
LAPHFR,Yes,No
LAPHFR,Yes,No
LAPHFR,Yes,No
LAPHFR,Yes,No
LAPHFR,Yes,No
LAPHFR,Yes,No
SPODLI,Yes,No
SPODLI,Yes,No
SPODLI,Yes,No
SPODLI,Yes,No
SPODLI,Yes,No
SPODLI,Yes,No
SPODLI,Yes,No
SPODLI,Yes,No
SPODLI,Yes,No
SPODLI,Yes,No
SPODLI,Yes,No
SPODLI,Yes,No
SPODLI,Yes,No
SPODLI,Yes,No
TECASO,Yes,No
TECASO,Yes,No
LPTNDE,Yes,No
LPTNDE,Yes,No
LPTNDE,Yes,No
LPTNDE,Yes,No
LPTNDE,Yes,No
LPTNDE,Yes,No
LPTNDE,Yes,No
LPTNDE,Yes,No
LPTNDE,Yes,No
LPTNDE,Yes,No
LPTNDE,Yes,No
LPTNDE,Yes,No
LPTNDE,Yes,No
LPTNDE,Yes,No
LPTNDE,Yes,No
LPTNDE,Yes,No
LPTNDE,Yes,No
LPTNDE,Yes,No
LPTNDE,Yes,No
LPTNDE,Yes,No
LPTNDE,Yes,No
LPTNDE,Yes,No
LPTNDE,Yes,No
LPTNDE,Yes,No
LPTNDE,Yes,No
LPTNDE,Yes,No
LPTNDE,Yes,No
LPTNDE,Yes,No
LPTNDE,Yes,No
LPTNDE,Yes,No
LPTNDE,Yes,No
LPTNDE,Yes,No
LPTNDE,Yes,No
LPTNDE,Yes,No
LPTNDE,Yes,No
LPTNDE,Yes,No
LPTNDE,Yes,No
LPTNDE,Yes,No
LPTNDE,Yes,No
LPTNDE,Yes,No
LPTNDE,Yes,No
LPTNDE,Yes,No
LPTNDE,Yes,No
LPTNDE,Yes,No
LPTNDE,Yes,No
LPTNDE,Yes,No
PRODLI,Yes,No
PRODLI,Yes,No
PRODLI,Yes,No
PRODLI,Yes,No
PRODLI,Yes,No
LIRIBO,Yes,No
LIRIBO,Yes,No
LIRIBO,Yes,No
LIRIBO,Yes,No
LIRIBO,Yes,No
LIRIBO,Yes,No
LIRIBO,Yes,No
LIRIBO,Yes,No
LIRIBO,Yes,No
LIRIBO,Yes,No
LIRIBO,Yes,No
LIRIBO,Yes,No
LIRIBO,Yes,No
LIRIBO,Yes,No
LIRIBO,Yes,No
LIRIBO,Yes,No
LIRIBO,Yes,No
LIRIBO,Yes,No
LIRIBO,Yes,No
LIRIBO,Yes,No
LIRIBO,Yes,No
LIRIBO,Yes,No
LIRIBO,Yes,Yes
LIRIBO,Yes,No
LIRIBO,Yes,No
LIRIBO,Yes,No
LIRIBO,Yes,No
LIRIBO,Yes,No
LIRIBO,Yes,No
LIRIBO,Yes,No
LIRIBO,Yes,No
LIRIBO,Yes,No
LIRIBO,Yes,No
LIRIBO,Yes,No
LIRIBO,Yes,No
LIRIBO,Yes,No
LIRIBO,Yes,No
LIRIBO,Yes,No
LIRIBO,Yes,No
RHAGCI,Yes,No
RHAGCI,Yes,No
RHAGCI,Yes,No
RHAGCI,Yes,No
RHAGCI,Yes,No
RHAGCI,Yes,No
RHAGCI,Yes,No
RHAGCI,Yes,No
RHAGCI,Yes,No
RHAGCI,Yes,No
RHAGCI,Yes,No
RHAGCI,Yes,No
RHAGCI,Yes,No
RHIOHI,Yes,No
SCOLMO,Yes,No
SCOLMO,Yes,No
SCOLMO,Yes,No
SCOLMO,Yes,No
SCOLMO,Yes,No
SCOLMO,Yes,No
STRMVI,Yes,No
STRMVI,Yes,No
STRMVI,Yes,No
TETOGR,Yes,No
TETOGR,Yes,No
TETOGR,Yes,No
TETOGR,Yes,No
TETOGR,Yes,No
LIRISA,Yes,No
LIRISA,Yes,No
LIRISA,Yes,No
LIRISA,Yes,No
APLOBE,Yes,No
APLOBE,Yes,No
APLOBE,Yes,No
APLOBE,Yes,No
APLOBE,Yes,No
APLOBE,Yes,No
APLOBE,Yes,No
APLOBE,Yes,No
APLOBE,Yes,No
APLOBE,Yes,No
BURSXY,Yes,No
BURSXY,Yes,No
BURSXY,Yes,No
DITYDE,Yes,No
DITYDE,Yes,No
DITYDE,Yes,No
DITYDE,Yes,No
DITYDE,Yes,No
DITYDE,Yes,No
DITYDE,Yes,No
DITYDE,Yes,No
DITYDE,Yes,No
DITYDE,Yes,No
DITYDE,Yes,No
DITYDE,Yes,No
DITYDE,Yes,No
DITYDE,Yes,No
DITYDE,Yes,No
DITYDE,Yes,No
DITYDE,Yes,No
DITYDE,Yes,Yes
DITYDE,Yes,No
DITYDE,Yes,No
DITYDE,Yes,No
DITYDE,Yes,No
DITYDE,Yes,No
DITYDE,Yes,No
DITYDE,Yes,No
DITYDE,Yes,No
DITYDE,Yes,No
DITYDE,Yes,No
DITYDE,Yes,No
DITYDE,Yes,No
DITYDE,Yes,No
DITYDE,Yes,No
DITYDI,Yes,No
DITYDI,Yes,No
DITYDI,Yes,No
DITYDI,Yes,No
DITYDI,Yes,No
DITYDI,Yes,No
DITYDI,Yes,No
DITYDI,Yes,No
DITYDI,Yes,No
DITYDI,Yes,No
DITYDI,Yes,No
DITYDI,Yes,No
DITYDI,Yes,No
DITYDI,Yes,No
DITYDI,Yes,No
DITYDI,Yes,No
DITYDI,Yes,No
DITYDI,Yes,No
DITYDI,Yes,No
DITYDI,Yes,No
DITYDI,Yes,No
DITYDI,Yes,No
DITYDI,Yes,No
DITYDI,Yes,No
DITYDI,Yes,No
DITYDI,Yes,No
DITYDI,Yes,No
DITYDI,Yes,No
DITYDI,Yes,No
DITYDI,Yes,Yes
DITYDI,Yes,No
DITYDI,Yes,No
DITYDI,Yes,No
DITYDI,Yes,No
DITYDI,Yes,No
DITYDI,Yes,No
DITYDI,Yes,No
DITYDI,Yes,No
DITYDI,Yes,No
DITYDI,Yes,No
DITYDI,Yes,No
DITYDI,Yes,No
DITYDI,Yes,No
DITYDI,Yes,No
DITYDI,Yes,No
DITYDI,Yes,No
DITYDI,Yes,No
DITYDI,Yes,No
DITYDI,Yes,No
DITYDI,Yes,No
HETDPA,Yes,No
HETDPA,Yes,No
HETDPA,Yes,No
HETDPA,Yes,No
HETDPA,Yes,No
HETDPA,Yes,No
HETDPA,Yes,No
HETDPA,Yes,No
HETDPA,Yes,No
HETDPA,Yes,No
HETDPA,Yes,No
HETDPA,Yes,No
HETDPA,Yes,No
HETDPA,Yes,No
HETDPA,Yes,No
HETDPA,Yes,No
HETDPA,Yes,No
HETDPA,Yes,No
HETDPA,Yes,No
HETDPA,Yes,No
HETDPA,Yes,No
HETDPA,Yes,No
HETDPA,Yes,No
HETDPA,Yes,No
HETDPA,Yes,Yes
HETDPA,Yes,No
HETDPA,Yes,No
HETDPA,Yes,No
HETDPA,Yes,No
HETDPA,Yes,No
HETDPA,Yes,No
HETDPA,Yes,No
HETDPA,Yes,No
HETDPA,Yes,No
HETDPA,Yes,No
HETDPA,Yes,No
HETDPA,Yes,No
HETDPA,Yes,No
HETDPA,Yes,No
HETDPA,Yes,No
HETDPA,Yes,No
HETDPA,Yes,No
HETDRO,Yes,No
HETDRO,Yes,No
HETDRO,Yes,No
HETDRO,Yes,No
HETDRO,Yes,No
HETDRO,Yes,No
HETDRO,Yes,No
HETDRO,Yes,No
HETDRO,Yes,No
HETDRO,Yes,No
HETDRO,Yes,No
HETDRO,Yes,No
HETDRO,Yes,No
HETDRO,Yes,No
HETDRO,Yes,No
HETDRO,Yes,No
HETDRO,Yes,No
HETDRO,Yes,No
HETDRO,Yes,No
HETDRO,Yes,No
HETDRO,Yes,No
HETDRO,Yes,No
HETDRO,Yes,No
HETDRO,Yes,No
HETDRO,Yes,No
HETDRO,Yes,No
HETDRO,Yes,No
HETDRO,Yes,No
HETDRO,Yes,No
HETDRO,Yes,Yes
HETDRO,Yes,No
HETDRO,Yes,No
HETDRO,Yes,No
HETDRO,Yes,No
HETDRO,Yes,No
HETDRO,Yes,No
HETDRO,Yes,No
HETDRO,Yes,No
HETDRO,Yes,No
HETDRO,Yes,No
HETDRO,Yes,No
HETDRO,Yes,No
HETDRO,Yes,No
HETDRO,Yes,No
HETDRO,Yes,No
HETDRO,Yes,No
HETDRO,Yes,No
HETDRO,Yes,No
HETDRO,Yes,No
HETDRO,Yes,No
HETDRO,Yes,No
HETDRO,Yes,No
HETDRO,Yes,No
HETDRO,Yes,No
HETDRO,Yes,No
HETDRO,Yes,No
HETDRO,Yes,No
HETDEL,Yes,No
HETDGL,Yes,No
HETDGL,Yes,No
HETDGL,Yes,No
HETDZE,Yes,No
HETDZE,Yes,No
HETDZE,Yes,No
MELGCH,Yes,No
MELGCH,Yes,No
MELGCH,Yes,No
MELGCH,Yes,No
MELGCH,Yes,No
MELGCH,Yes,No
MELGCH,Yes,No
MELGCH,Yes,No
MELGCH,Yes,No
MELGCH,Yes,No
MELGCH,Yes,No
MELGCH,Yes,No
MELGMY,Yes,No
MELGMY,Yes,No
MELGFA,Yes,No
MELGFA,Yes,No
MELGFA,Yes,No
MELGFA,Yes,No
MELGFA,Yes,No
MELGFA,Yes,No
MELGFA,Yes,No
MELGMA,Yes,No
MELGMA,Yes,No
MELGMA,Yes,No
MELGMA,Yes,No
MELGMA,Yes,No
RADOSI,Yes,No
RADOSI,Yes,No
RADOSI,Yes,No
XIPHRI,Yes,No
XIPHRI,Yes,No
XIPHRI,Yes,No
XIPHRI,Yes,No
XIPHRI,Yes,No
XIPHRI,Yes,No
XIPHRI,Yes,No
XIPHRI,Yes,No
PHYPSO,Yes,No
PHYPSO,Yes,No
PHYPSO,Yes,No
PHYPSO,Yes,No
PHYPSO,Yes,No
PHYPSO,Yes,No
PHYPSO,Yes,No
PHYPSO,Yes,No
PHYPSO,Yes,No
PHYPSO,Yes,No
PHYPSO,Yes,No
PHYPSO,Yes,No
PHYPSO,Yes,No
PHYPSO,Yes,No
PHYPSO,Yes,No
PHYPSO,Yes,No
PHYPSO,Yes,No
PHYPSO,Yes,No
PHYPSO,Yes,No
PHYPSO,Yes,No
PHYPSO,Yes,No
PHYPSO,Yes,No
PHYPSO,Yes,No
PHYPSO,Yes,No
PHYPSO,Yes,No
PHYPSO,Yes,No
PHYPSO,Yes,No
PHYPSO,Yes,No
PHYPSO,Yes,No
SPIRCI,Yes,No
SPIRCI,Yes,No
SPIRCI,Yes,No
SPIRCI,Yes,No
SPIRCI,Yes,No
SPIRCI,Yes,No
SPIRCI,Yes,No
SPIRCI,Yes,No
ARMV00,Yes,No
ARMV00,Yes,No
ARMV00,Yes,No
ARMV00,Yes,No
ARMV00,Yes,No
ARMV00,Yes,No
ARMV00,Yes,No
ARMV00,Yes,No
ARMV00,Yes,No
ARMV00,Yes,No
ARMV00,Yes,No
ARMV00,Yes,No
ARMV00,Yes,No
ARMV00,Yes,No
ARMV00,Yes,No
ARMV00,Yes,No
ARMV00,Yes,No
ARMV00,Yes,No
ARMV00,Yes,No
ARMV00,Yes,No
ARMV00,Yes,Yes
ARMV00,Yes,No
ARMV00,Yes,No
ARMV00,Yes,No
ARMV00,Yes,No
ARMV00,Yes,No
ARMV00,Yes,No
ARMV00,Yes,No
ARMV00,Yes,No
ARMV00,Yes,No
ARMV00,Yes,No
ARMV00,Yes,No
ARMV00,Yes,No
ARMV00,Yes,No
ARMV00,Yes,No
ARMV00,Yes,No
ARMV00,Yes,No
BCTV00,Yes,No
BCTV00,Yes,No
BCTV00,Yes,No
BCTV00,Yes,No
BNYVV0,Yes,No
BNYVV0,Yes,No
BNYVV0,Yes,No
BNYVV0,Yes,No
BNYVV0,Yes,No
BNYVV0,Yes,No
BNYVV0,Yes,No
BNYVV0,Yes,No
BNYVV0,Yes,No
BNYVV0,Yes,No
BNYVV0,Yes,No
BNYVV0,Yes,No
BNYVV0,Yes,No
BNYVV0,Yes,No
BNYVV0,Yes,No
BNYVV0,Yes,No
BNYVV0,Yes,No
BNYVV0,Yes,No
BNYVV0,Yes,No
BNYVV0,Yes,No
BNYVV0,Yes,No
BNYVV0,Yes,No
BNYVV0,Yes,No
BNYVV0,Yes,No
BNYVV0,Yes,No
CLRV00,Yes,No
CLRV00,Yes,No
CLRV00,Yes,No
CLRV00,Yes,No
CLRV00,Yes,No
CLRV00,Yes,No
CLRV00,Yes,No
CLRV00,Yes,No
CLRV00,Yes,No
CLRV00,Yes,No
CLRV00,Yes,No
CLRV00,Yes,No
CLRV00,Yes,No
CLRV00,Yes,No
CLRV00,Yes,No
CLRV00,Yes,Yes
CLRV00,Yes,No
CLRV00,Yes,No
CLRV00,Yes,No
CLRV00,Yes,No
CLRV00,Yes,No
CLRV00,Yes,No
CLRV00,Yes,No
CLRV00,Yes,No
CLRV00,Yes,No
CLRV00,Yes,No
CSVD00,Yes,No
CSVD00,Yes,No
CSVD00,Yes,No
CSVD00,Yes,No
CSVD00,Yes,No
CSVD00,Yes,No
CSVD00,Yes,Yes
CSVD00,Yes,No
CSVD00,Yes,No
CSVD00,Yes,No
CSVD00,Yes,No
CSVD00,Yes,No
CSVD00,Yes,No
CSVD00,Yes,No
CSVD00,Yes,No
SDV000,Yes,No
CTV000,Yes,No
CTV000,Yes,No
CTV000,Yes,No
CTV000,Yes,No
CTV000,Yes,No
CTV000,Yes,No
CTV000,Yes,No
CTV000,Yes,No
CTV000,Yes,No
CTV000,Yes,No
CTV000,Yes,No
CTV000,Yes,No
CTV000,Yes,No
CTV000,Yes,No
CTV000,Yes,No
CTV000,Yes,No
CTV000,Yes,No
INSV00,Yes,No
INSV00,Yes,No
INSV00,Yes,No
INSV00,Yes,No
INSV00,Yes,No
INSV00,Yes,No
INSV00,Yes,No
INSV00,Yes,No
INSV00,Yes,No
INSV00,Yes,No
INSV00,Yes,No
INSV00,Yes,No
INSV00,Yes,No
INSV00,Yes,No
INSV00,Yes,No
INSV00,Yes,No
INSV00,Yes,No
INSV00,Yes,No
INSV00,Yes,No
INSV00,Yes,No
INSV00,Yes,No
INSV00,Yes,No
INSV00,Yes,No
LCHV10,Yes,No
LCHV10,Yes,No
LCHV10,Yes,No
LCHV10,Yes,No
LCHV10,Yes,No
LCHV10,Yes,No
LCHV10,Yes,No
LCHV10,Yes,No
LCHV10,Yes,No
LCHV10,Yes,No
LCHV10,Yes,No
LCHV10,Yes,No
LCHV10,Yes,No
LCHV10,Yes,No
PRMV00,Yes,No
TORSV0,Yes,No
TORSV0,Yes,No
TORSV0,Yes,No
TORSV0,Yes,No
TORSV0,Yes,No
TORSV0,Yes,No
TORSV0,Yes,No
TORSV0,Yes,No
TORSV0,Yes,No
TORSV0,Yes,No
TORSV0,Yes,No
TORSV0,Yes,No
PEPMV0,Yes,No
PEPMV0,Yes,No
PEPMV0,Yes,No
PEPMV0,Yes,No
PEPMV0,Yes,No
PEPMV0,Yes,No
PEPMV0,Yes,No
PEPMV0,Yes,No
PEPMV0,Yes,No
PEPMV0,Yes,No
PEPMV0,Yes,No
PEPMV0,Yes,No
PEPMV0,Yes,No
PEPMV0,Yes,No
PEPMV0,Yes,No
PEPMV0,Yes,No
PEPMV0,Yes,No
PEPMV0,Yes,No
PEPMV0,Yes,No
PEPMV0,Yes,No
PEPMV0,Yes,No
PEPMV0,Yes,No
PEPMV0,Yes,No
PEPMV0,Yes,No
PSTVD0,Yes,No
PSTVD0,Yes,No
PSTVD0,Yes,No
PSTVD0,Yes,No
PSTVD0,Yes,No
PSTVD0,Yes,No
PSTVD0,Yes,No
PSTVD0,Yes,No
PSTVD0,Yes,No
PSTVD0,Yes,No
PSTVD0,Yes,No
PSTVD0,Yes,No
PSTVD0,Yes,No
PSTVD0,Yes,No
PSTVD0,Yes,No
PSTVD0,Yes,No
PSTVD0,Yes,No
PSTVD0,Yes,No
PSTVD0,Yes,No
PSTVD0,Yes,No
PSTVD0,Yes,No
PSTVD0,Yes,No
PSTVD0,Yes,No
PNRSV0,Yes,No
PNRSV0,Yes,No
PNRSV0,Yes,No
PNRSV0,Yes,No
PNRSV0,Yes,No
PNRSV0,Yes,No
PNRSV0,Yes,No
PNRSV0,Yes,No
PNRSV0,Yes,No
PNRSV0,Yes,No
PNRSV0,Yes,No
PNRSV0,Yes,No
PNRSV0,Yes,No
PNRSV0,Yes,No
PNRSV0,Yes,No
PNRSV0,Yes,No
PNRSV0,Yes,No
PNRSV0,Yes,No
PNRSV0,Yes,No
PNRSV0,Yes,No
PNRSV0,Yes,No
PNRSV0,Yes,No
PNRSV0,Yes,No
PNRSV0,Yes,No
PNRSV0,Yes,No
PNRSV0,Yes,No
PNRSV0,Yes,No
PNRSV0,Yes,No
PNRSV0,Yes,No
PNRSV0,Yes,No
PNRSV0,Yes,No
RPRSV0,Yes,No
RPRSV0,Yes,No
RPRSV0,Yes,No
RPRSV0,Yes,No
RPRSV0,Yes,No
RPRSV0,Yes,No
RPRSV0,Yes,No
RPRSV0,Yes,No
RPRSV0,Yes,No
RPRSV0,Yes,No
RPRSV0,Yes,No
RPRSV0,Yes,No
RPRSV0,Yes,Yes
RPRSV0,Yes,No
RPRSV0,Yes,No
RPRSV0,Yes,No
RPRSV0,Yes,No
RPRSV0,Yes,No
RPRSV0,Yes,No
RPRSV0,Yes,No
RPRSV0,Yes,No
RPRSV0,Yes,No
RPRSV0,Yes,No
SCRV00,Yes,No
SCRV00,Yes,No
SCRV00,Yes,No
SCRV00,Yes,No
SCRV00,Yes,No
SCRV00,Yes,No
SCRV00,Yes,No
SCRV00,Yes,No
SCRV00,Yes,No
SCRV00,Yes,No
SCRV00,Yes,No
SCRV00,Yes,No
SCRV00,Yes,No
SCRV00,Yes,No
SLRSV0,Yes,No
SLRSV0,Yes,No
SLRSV0,Yes,No
SLRSV0,Yes,No
SLRSV0,Yes,No
SLRSV0,Yes,No
SLRSV0,Yes,No
SLRSV0,Yes,No
SLRSV0,Yes,No
SLRSV0,Yes,No
SLRSV0,Yes,No
SLRSV0,Yes,No
SLRSV0,Yes,No
SLRSV0,Yes,No
SLRSV0,Yes,No
SLRSV0,Yes,No
SLRSV0,Yes,No
SLRSV0,Yes,No
SLRSV0,Yes,No
SLRSV0,Yes,No
SLRSV0,Yes,No
SLRSV0,Yes,No
SLRSV0,Yes,No
SLRSV0,Yes,No
SMYEV0,Yes,No
SMYEV0,Yes,No
SMYEV0,Yes,No
SMYEV0,Yes,No
SMYEV0,Yes,No
SMYEV0,Yes,No
SMYEV0,Yes,No
SMYEV0,Yes,No
SMYEV0,Yes,No
SMYEV0,Yes,No
SMYEV0,Yes,No
SMYEV0,Yes,No
SVBV00,Yes,No
SVBV00,Yes,No
SVBV00,Yes,No
SVBV00,Yes,No
SVBV00,Yes,No
SVBV00,Yes,No
SVBV00,Yes,No
TRSV00,Yes,No
TRSV00,Yes,No
TRSV00,Yes,No
TRSV00,Yes,No
TRSV00,Yes,No
TRSV00,Yes,No
TRSV00,Yes,No
TRSV00,Yes,No
TRSV00,Yes,No
TRSV00,Yes,No
TBRV00,Yes,No
TBRV00,Yes,No
TBRV00,Yes,No
TBRV00,Yes,No
TBRV00,Yes,No
TBRV00,Yes,No
TBRV00,Yes,No
TBRV00,Yes,No
TBRV00,Yes,No
TBRV00,Yes,No
TBRV00,Yes,No
TBRV00,Yes,No
TBRV00,Yes,No
TBRV00,Yes,No
TBRV00,Yes,No
TBRV00,Yes,Yes
TBRV00,Yes,No
TBRV00,Yes,No
TBRV00,Yes,No
TBRV00,Yes,No
TBRV00,Yes,No
TBRV00,Yes,No
TBRV00,Yes,No
TBRV00,Yes,No
TBRV00,Yes,No
TBRV00,Yes,No
TBRV00,Yes,No
TBRV00,Yes,No
TSWV00,Yes,No
TSWV00,Yes,No
TSWV00,Yes,No
TSWV00,Yes,No
TSWV00,Yes,No
TSWV00,Yes,No
TSWV00,Yes,No
TSWV00,Yes,No
TSWV00,Yes,No
TSWV00,Yes,No
TSWV00,Yes,No
TSWV00,Yes,No
TSWV00,Yes,No
TSWV00,Yes,No
TSWV00,Yes,No
TSWV00,Yes,No
TSWV00,Yes,No
TSWV00,Yes,No
TSWV00,Yes,No
TSWV00,Yes,No
TSWV00,Yes,No
TSWV00,Yes,No
TSWV00,Yes,No
TSWV00,Yes,No
TSWV00,Yes,No
TSWV00,Yes,No
TSWV00,Yes,No
TSWV00,Yes,No
TSWV00,Yes,No
TSWV00,Yes,No
TSWV00,Yes,No
TSWV00,Yes,No
TSWV00,Yes,No
TSWV00,Yes,No
TSWV00,Yes,No
TSWV00,Yes,No
TSWV00,Yes,No
TSWV00,Yes,No
TSWV00,Yes,No
TSWV00,Yes,No
TSWV00,Yes,No
TSWV00,Yes,No
TSWV00,Yes,No
TSWV00,Yes,No
TSWV00,Yes,No
TSWV00,Yes,No
TSWV00,Yes,No
CENRE,Yes,No
CENRE,Yes,No
CENRE,Yes,No
CENRE,Yes,No
CENRE,Yes,No
CENRE,Yes,No
CENRE,Yes,No
CENRE,Yes,No
CENRE,Yes,No
CENRE,Yes,No
CENRE,Yes,No
CENRE,Yes,No
CENRE,Yes,No
CENRE,Yes,No
ALRPH,Yes,No
ALRPH,Yes,No
ALRPH,Yes,No
AMAPA,Yes,No
AMAPA,Yes,No
AMAPA,Yes,No
AMAPA,Yes,No
AMAPA,Yes,No
AMAPA,Yes,No
AMAPA,Yes,No
AMAPA,Yes,No
AMBEL,Yes,No
AMBEL,Yes,No
AMBEL,Yes,No
AMBEL,Yes,No
AMBEL,Yes,No
AMBEL,Yes,No
AMBEL,Yes,No
AMBEL,Yes,No
AMBEL,Yes,No
AMBEL,Yes,No
AMBEL,Yes,No
AMBEL,Yes,No
AMBEL,Yes,No
AMBEL,Yes,No
AMBEL,Yes,No
AMBEL,Yes,No
AMBEL,Yes,No
AMBEL,Yes,Yes
AMBEL,Yes,No
AMBEL,Yes,No
AMBEL,Yes,No
AMBEL,Yes,No
AMBEL,Yes,No
AMBEL,Yes,No
AMBEL,Yes,No
AMBEL,Yes,No
AMBEL,Yes,No
AMBEL,Yes,No
AMBEL,Yes,No
AMBEL,Yes,No
AMBEL,Yes,No
AMBEL,Yes,No
AMBEL,Yes,No
AMBEL,Yes,No
AMBEL,Yes,No
AMBEL,Yes,No
POLCU,Yes,No
POLCU,Yes,No
POLCU,Yes,No
POLCU,Yes,No
POLCU,Yes,No
POLCU,Yes,No
POLCU,Yes,No
POLCU,Yes,No
POLCU,Yes,No
POLCU,Yes,No
POLCU,Yes,No
POLCU,Yes,No
POLCU,Yes,No
POLCU,Yes,No
POLCU,Yes,No
POLCU,Yes,No
POLCU,Yes,No
POLCU,Yes,No
POLCU,Yes,No
POLCU,Yes,No
POLCU,Yes,No
POLCU,Yes,Yes
POLCU,Yes,No
POLCU,Yes,No
POLCU,Yes,No
POLCU,Yes,No
POLCU,Yes,No
POLCU,Yes,No
POLCU,Yes,No
POLCU,Yes,No
POLCU,Yes,No
POLCU,Yes,No
POLCU,Yes,No
POLCU,Yes,No
POLCU,Yes,No
PUELO,Yes,No
PUELO,Yes,No
PUELO,Yes,No
SOLEL,Yes,No
SOLEL,Yes,No
SOLEL,Yes,No
SOLEL,Yes,No
SOLEL,Yes,No
SOLEL,Yes,No
SOLEL,Yes,No
SOLEL,Yes,No
SOLEL,Yes,No
SOLEL,Yes,No
SOLEL,Yes,No
SOLEL,Yes,No
SOLEL,Yes,No
